{"concept:agriculturalproductincludingagriculturalproduct": 0, "concept:teamplaysinleague": 1, "concept:teamplaysagainstteam": 2, "concept:riveremptiesintoriver": 3, "concept:politicianholdsoffice": 4, "concept:chemicalistypeofchemical": 5, "concept:agentcontrols": 6, "concept:teamplayssport": 7, "concept:teamalsoknownas": 8, "concept:animalsuchasinsect": 9, "concept:animalthatfeedoninsect": 10, "concept:agentcreated": 11, "concept:subpartof": 12, "concept:sportsgameteam": 13, "concept:competeswith": 14, "concept:proxyfor": 15, "concept:animalistypeofanimal": 16, "concept:animalsuchasinvertebrate": 17, "concept:agriculturalproductgrowninlandscapefeatures": 18, "concept:arthropodandotherarthropod": 19, "concept:countryalsoknownas": 20, "concept:countrycurrency": 21, "concept:sportusesstadium": 22, "concept:animaldevelopdisease": 23, "concept:organizationhiredperson": 24, "concept:ismultipleof": 25, "concept:personchargedwithcrime": 26, "concept:stadiumlocatedincity": 27, "concept:agentcompeteswithagent": 28, "concept:animalpreyson": 29, "concept:hasofficeincity": 30, "concept:specializationof": 31, "concept:mutualproxyfor": 32, "concept:fooddecreasestheriskofdisease": 33, "concept:teamwontrophy": 34, "concept:worksfor": 35, "concept:locationlocatedwithinlocation": 36, "concept:arthropodcalledarthropod": 37, "concept:agentcollaborateswithagent": 38, "concept:mammalsuchasmammal": 39, "concept:leaguestadiums": 40, "concept:agriculturalproductcookedwithagriculturalproduct": 41, "concept:athleteplaysinleague": 42, "concept:stateorprovinceisborderedbystateorprovince": 43, "concept:agriculturalproductcamefromcountry": 44, "concept:citylocatedinstate": 45, "concept:atlocation": 46, "concept:personbelongstoorganization": 47, "concept:persongraduatedfromuniversity": 48, "concept:foodcancausedisease": 49, "concept:statehascapital": 50, "concept:teamhomestadium": 51, "concept:animalsuchasfish": 52, "concept:invertebratefeedonfood": 53, "concept:producesproduct": 54, "concept:subpartoforganization": 55, "concept:cityliesonriver": 56, "concept:coachesteam": 57, "concept:personleadsgeopoliticalorganization": 58, "concept:headquarteredin": 59, "concept:persondiedatage": 60, "concept:synonymfor": 61, "concept:teamplaysincity": 62, "concept:persongraduatedschool": 63, "concept:animaleatfood": 64, "concept:beveragemadefrombeverage": 65, "concept:personleadsorganization": 66, "concept:agentactsinlocation": 67, "concept:athleteplaysforteam": 68, "concept:agriculturalproductcontainchemical": 69, "concept:agriculturalproductgrowinginstateorprovince": 70, "concept:personborninlocation": 71, "concept:plantrepresentemotion": 72, "concept:citylocatedincountry": 73, "concept:organizationalsoknownas": 74, "concept:agriculturalproductcomingfromvertebrate": 75, "concept:fishservedwithfood": 76, "concept:personalsoknownas": 77, "concept:topmemberoforganization": 78, "concept:personhasresidenceingeopoliticallocation": 79, "concept:newspaperincity": 80, "concept:citylocatedingeopoliticallocation": 81, "concept:sportschoolincountry": 82, "concept:countrylocatedingeopoliticallocation": 83, "concept:acquired": 84, "concept:organizationterminatedperson": 85, "concept:atdate": 86, "concept:athleteledsportsteam": 87, "concept:companyeconomicsector": 88, "concept:attractionofcity": 89, "concept:athletehomestadium": 90, "concept:agentbelongstoorganization": 91, "concept:sportfansincountry": 92, "concept:agentinvolvedwithitem": 93, "concept:thinghascolor": 94, "concept:buildinglocatedincity": 95, "concept:coachwontrophy": 96, "concept:personhasjobposition": 97, "concept:agriculturalproducttoattractinsect": 98, "concept:coachesinleague": 99, "concept:athleteplayssport": 100, "concept:sportsgamewinner": 101, "concept:personbornincity": 102, "concept:agentparticipatedinevent": 103, "concept:politicianrepresentslocation": 104, "concept:organizationheadquarteredincity": 105, "concept:animaleatvegetable": 106, "concept:organizationheadquarteredinstateorprovince": 107, "concept:politicianusholdsoffice": 108, "concept:agriculturalproductcutintogeometricshape": 109, "concept:awardtrophytournamentisthechampionshipgameofthenationalsport": 110, "concept:companyalsoknownas": 111, "concept:beveragecontainsprotein": 112, "concept:ceoof": 113, "concept:academicprogramatuniversity": 114, "concept:personmovedtostateorprovince": 115, "concept:citycapitalofcountry": 116, "concept:thinghasshape": 117, "concept:objectpartofobject": 118, "concept:organizationacronymhasname": 119, "concept:journalistwritesforpublication": 120, "concept:istallerthan": 121}