{"concept:worksfor": 0, "concept:organizationhiredperson": 1, "concept:cityliesonriver": 2, "concept:competeswith": 3, "concept:teamplaysagainstteam": 4, "concept:agentcollaborateswithagent": 5, "concept:sportsgameteam": 6, "concept:coachesinleague": 7, "concept:stadiumlocatedincity": 8, "concept:agentcontrols": 9, "concept:hasofficeincity": 10, "concept:agentactsinlocation": 11, "concept:mutualproxyfor": 12, "concept:teamalsoknownas": 13, "concept:atdate": 14, "concept:citylocatedinstate": 15, "concept:proxyfor": 16, "concept:agentcompeteswithagent": 17, "concept:personbelongstoorganization": 18, "concept:agentbelongstoorganization": 19, "concept:synonymfor": 20, "concept:riveremptiesintoriver": 21, "concept:teamhomestadium": 22, "concept:persongraduatedfromuniversity": 23, "concept:leaguestadiums": 24, "concept:attractionofcity": 25, "concept:organizationheadquarteredincity": 26, "concept:organizationalsoknownas": 27, "concept:locationlocatedwithinlocation": 28, "concept:agentparticipatedinevent": 29, "concept:atlocation": 30, "concept:subpartof": 31, "concept:headquarteredin": 32, "concept:persongraduatedschool": 33, "concept:subpartoforganization": 34, "concept:athleteplaysinleague": 35, "concept:athletehomestadium": 36, "concept:personleadsorganization": 37, "concept:organizationacronymhasname": 38, "concept:companyeconomicsector": 39, "concept:organizationheadquarteredinstateorprovince": 40, "concept:organizationterminatedperson": 41, "concept:thinghasshape": 42, "concept:coachesteam": 43, "concept:buildinglocatedincity": 44, "concept:citylocatedingeopoliticallocation": 45, "concept:personborninlocation": 46, "concept:statehascapital": 47, "concept:newspaperincity": 48, "concept:agentcreated": 49, "concept:personleadsgeopoliticalorganization": 50, "concept:personhasresidenceingeopoliticallocation": 51, "concept:personchargedwithcrime": 52, "concept:cityalsoknownas": 53, "concept:countryalsoknownas": 54, "concept:agentinvolvedwithitem": 55, "concept:politicianusmemberofpoliticalgroup": 56, "concept:politicianrepresentslocation": 57, "concept:citycapitalofcountry": 58, "concept:academicprogramatuniversity": 59, "concept:personmovedtostateorprovince": 60}