{"/award/award_category/nominees./award/award_nomination/nominated_for": 0, "/location/location/contains": 1, "/award/award_category/winners./award/award_honor/award_winner": 2, "/education/educational_institution/students_graduates./education/education/student": 3, "/award/award_nominee/award_nominations./award/award_nomination/award": 4, "/education/university/international_tuition./measurement_unit/dated_money_value/currency": 5, "/film/film/release_date_s./film/film_regional_release_date/film_release_region": 6, "/award/award_nominee/award_nominations./award/award_nomination/award_nominee": 7, "/education/educational_degree/people_with_this_degree./education/education/institution": 8, "/film/film/production_companies": 9, "/award/award_nominated_work/award_nominations./award/award_nomination/nominated_for": 10, "/people/person/profession": 11, "/film/film_distributor/films_distributed./film/film_film_distributor_relationship/film": 12, "/education/educational_institution/students_graduates./education/education/major_field_of_study": 13, "/award/award_winner/awards_won./award/award_honor/award_winner": 14, "/music/genre/artists": 15, "/music/performance_role/regular_performances./music/group_membership/role": 16, "/film/film/other_crew./film/film_crew_gig/film_crew_role": 17, "/soccer/football_player/current_team./sports/sports_team_roster/team": 18, "/award/award_category/winners./award/award_honor/ceremony": 19, "/film/film/genre": 20, "/location/location/time_zones": 21, "/people/person/place_of_birth": 22, "/film/actor/film./film/performance/film": 23, "/award/award_winning_work/awards_won./award/award_honor/award": 24, "/soccer/football_team/current_roster./sports/sports_team_roster/position": 25, "/music/artist/origin": 26, "/award/award_winning_work/awards_won./award/award_honor/award_winner": 27, "/sports/sports_position/players./sports/sports_team_roster/team": 28, "/music/instrument/instrumentalists": 29, "/music/artist/track_contributions./music/track_contribution/role": 30, "/film/film/language": 31, "/olympics/olympic_sport/athletes./olympics/olympic_athlete_affiliation/country": 32, "/music/group_member/membership./music/group_membership/role": 33, "/music/record_label/artist": 34, "/location/administrative_division/first_level_division_of": 35, "/award/award_nominee/award_nominations./award/award_nomination/nominated_for": 36, "/tv/tv_program/genre": 37, "/people/person/places_lived./people/place_lived/location": 38, "/education/educational_institution/colors": 39, "/location/location/adjoin_s./location/adjoining_relationship/adjoins": 40, "/media_common/netflix_genre/titles": 41, "/music/performance_role/regular_performances./music/group_membership/group": 42, "/film/film/featured_film_locations": 43, "/education/university/fraternities_and_sororities": 44, "/government/legislative_session/members./government/government_position_held/district_represented": 45, "/people/person/nationality": 46, "/award/award_category/disciplines_or_subjects": 47, "/government/government_office_category/officeholders./government/government_position_held/jurisdiction_of_office": 48, "/film/director/film": 49, "/film/film/music": 50, "/olympics/olympic_participating_country/athletes./olympics/olympic_athlete_affiliation/olympics": 51, "/music/performance_role/track_performances./music/track_contribution/role": 52, "/sports/pro_athlete/teams./sports/sports_team_roster/team": 53, "/soccer/football_team/current_roster./soccer/football_roster_position/position": 54, "/tv/tv_program/regular_cast./tv/regular_tv_appearance/actor": 55, "/people/ethnicity/people": 56, "/film/film/produced_by": 57, "/influence/influence_node/influenced_by": 58, "/organization/role/leaders./organization/leadership/organization": 59, "/sports/sports_team/colors": 60, "/location/administrative_division/country": 61, "/organization/organization/headquarters./location/mailing_address/state_province_region": 62, "/film/film/prequel": 63, "/organization/organization/headquarters./location/mailing_address/citytown": 64, "/base/popstra/celebrity/dated./base/popstra/dated/participant": 65, "/film/film_subject/films": 66, "/film/film/country": 67, "/award/award_ceremony/awards_presented./award/award_honor/award_winner": 68, "/base/americancomedy/celebrity_impressionist/celebrities_impersonated": 69, "/influence/influence_node/peers./influence/peer_relationship/peers": 70, "/people/cause_of_death/people": 71, "/education/educational_degree/people_with_this_degree./education/education/major_field_of_study": 72, "/education/educational_institution/school_type": 73, "/business/job_title/people_with_this_title./business/employment_tenure/company": 74, "/base/popstra/celebrity/friendship./base/popstra/friendship/participant": 75, "/base/aareas/schema/administrative_area/administrative_parent": 76, "/location/statistical_region/places_exported_to./location/imports_and_exports/exported_to": 77, "/base/x2010fifaworldcupsouthafrica/world_cup_squad/current_world_cup_squad./base/x2010fifaworldcupsouthafrica/current_world_cup_squad/current_club": 78, "/film/film/runtime./film/film_cut/film_release_region": 79, "/film/film/film_festivals": 80, "/award/award_ceremony/awards_presented./award/award_honor/honored_for": 81, "/education/field_of_study/students_majoring./education/education/student": 82, "/award/ranked_item/appears_in_ranked_lists./award/ranking/list": 83, "/tv/tv_network/programs./tv/tv_network_duration/program": 84, "/base/biblioness/bibs_location/state": 85, "/education/university/local_tuition./measurement_unit/dated_money_value/currency": 86, "/dataworld/gardening_hint/split_to": 87, "/sports/sports_league_draft/picks./sports/sports_league_draft_pick/school": 88, "/tv/tv_program/languages": 89, "/education/field_of_study/students_majoring./education/education/major_field_of_study": 90, "/people/person/employment_history./business/employment_tenure/company": 91, "/film/film/executive_produced_by": 92, "/music/genre/parent_genre": 93, "/film/film/personal_appearances./film/personal_film_appearance/person": 94, "/tv/tv_producer/programs_produced./tv/tv_producer_term/program": 95, "/film/film_set_designer/film_sets_designed": 96, "/olympics/olympic_participating_country/medals_won./olympics/olympic_medal_honor/olympics": 97, "/film/film/cinematography": 98, "/people/person/religion": 99, "/base/popstra/celebrity/canoodled./base/popstra/canoodled/participant": 100, "/organization/endowed_organization/endowment./measurement_unit/dated_money_value/currency": 101, "/food/food/nutrients./food/nutrition_fact/nutrient": 102, "/education/educational_degree/people_with_this_degree./education/education/student": 103, "/education/university/domestic_tuition./measurement_unit/dated_money_value/currency": 104, "/film/film/other_crew./film/film_crew_gig/crewmember": 105, "/business/business_operation/industry": 106, "/film/film/story_by": 107, "/film/film/edited_by": 108, "/film/film/dubbing_performances./film/dubbing_performance/actor": 109, "/sports/professional_sports_team/draft_picks./sports/sports_league_draft_pick/school": 110, "/medicine/disease/notable_people_with_this_condition": 111, "/people/deceased_person/place_of_death": 112, "/film/film/release_date_s./film/film_regional_release_date/film_regional_debut_venue": 113, "/music/artist/contribution./music/recording_contribution/performance_role": 114, "/sports/sports_team_location/teams": 115, "/film/film/costume_design_by": 116, "/people/person/spouse_s./people/marriage/spouse": 117, "/sports/sports_team/roster./american_football/football_historical_roster_position/position_s": 118, "/people/person/sibling_s./people/sibling_relationship/sibling": 119, "/medicine/disease/risk_factors": 120, "/base/popstra/celebrity/breakup./base/popstra/breakup/participant": 121, "/military/military_conflict/combatants./military/military_combatant_group/combatants": 122, "/celebrities/celebrity/celebrity_friends./celebrities/friendship/friend": 123, "/user/jg/default_domain/olympic_games/sports": 124, "/base/marchmadness/ncaa_basketball_tournament/seeds./base/marchmadness/ncaa_tournament_seed/team": 125, "/location/hud_county_place/county": 126, "/tv/non_character_role/tv_regular_personal_appearances./tv/tv_regular_personal_appearance/person": 127, "/award/award_winning_work/awards_won./award/award_honor/honored_for": 128, "/base/popstra/location/vacationers./base/popstra/vacation_choice/vacationer": 129, "/base/schemastaging/organization_extra/phone_number./base/schemastaging/phone_sandbox/service_location": 130, "/location/country/capital": 131, "/film/film/estimated_budget./measurement_unit/dated_money_value/currency": 132, "/organization/organization/place_founded": 133, "/base/schemastaging/organization_extra/phone_number./base/schemastaging/phone_sandbox/service_language": 134, "/tv/tv_writer/tv_programs./tv/tv_program_writer_relationship/tv_program": 135, "/people/ethnicity/languages_spoken": 136, "/sports/professional_sports_team/draft_picks./sports/sports_league_draft_pick/draft": 137, "/film/film/written_by": 138, "/time/event/locations": 139, "/base/culturalevent/event/entity_involved": 140, "/tv/tv_personality/tv_regular_appearances./tv/tv_regular_personal_appearance/program": 141, "/location/statistical_region/religions./location/religion_percentage/religion": 142, "/olympics/olympic_games/sports": 143, "/location/country/second_level_divisions": 144, "/award/hall_of_fame/inductees./award/hall_of_fame_induction/inductee": 145, "/base/biblioness/bibs_location/country": 146, "/music/performance_role/guest_performances./music/recording_contribution/performance_role": 147, "/organization/organization_member/member_of./organization/organization_membership/organization": 148, "/olympics/olympic_sport/athletes./olympics/olympic_athlete_affiliation/olympics": 149, "/people/person/spouse_s./people/marriage/location_of_ceremony": 150, "/language/human_language/countries_spoken_in": 151, "/location/location/partially_contains": 152, "/music/instrument/family": 153, "/music/group_member/membership./music/group_membership/group": 154, "/location/country/official_language": 155, "/user/alexander/philosophy/philosopher/interests": 156, "/location/statistical_region/gdp_nominal_per_capita./measurement_unit/dated_money_value/currency": 157, "/people/ethnicity/geographic_distribution": 158, "/film/film/film_production_design_by": 159, "/government/legislative_session/members./government/government_position_held/legislative_sessions": 160, "/people/person/languages": 161, "/people/deceased_person/place_of_burial": 162, "/base/aareas/schema/administrative_area/capital": 163, "/location/capital_of_administrative_division/capital_of./location/administrative_division_capital_relationship/administrative_division": 164, "/tv/tv_program/program_creator": 165, "/government/politician/government_positions_held./government/government_position_held/basic_title": 166, "/government/political_party/politicians_in_this_party./government/political_party_tenure/politician": 167, "/medicine/symptom/symptom_of": 168, "/location/us_county/county_seat": 169, "/people/profession/specialization_of": 170, "/government/politician/government_positions_held./government/government_position_held/jurisdiction_of_office": 171}