{"/music/record_label/artist": 0, "/media_common/netflix_genre/titles": 1, "/award/award_ceremony/awards_presented./award/award_honor/award_winner": 2, "/music/genre/artists": 3, "/influence/influence_node/influenced_by": 4, "/award/award_winner/awards_won./award/award_honor/award_winner": 5, "/location/location/partially_contains": 6, "/award/award_category/nominees./award/award_nomination/nominated_for": 7, "/film/film/genre": 8, "/people/person/profession": 9, "/music/performance_role/regular_performances./music/group_membership/role": 10, "/education/educational_institution/colors": 11, "/award/award_nominee/award_nominations./award/award_nomination/award": 12, "/location/location/adjoin_s./location/adjoining_relationship/adjoins": 13, "/film/film/release_date_s./film/film_regional_release_date/film_release_region": 14, "/award/award_nominee/award_nominations./award/award_nomination/nominated_for": 15, "/education/educational_degree/people_with_this_degree./education/education/institution": 16, "/business/business_operation/industry": 17, "/award/award_category/winners./award/award_honor/award_winner": 18, "/film/film/executive_produced_by": 19, "/film/film/other_crew./film/film_crew_gig/film_crew_role": 20, "/award/award_nominee/award_nominations./award/award_nomination/award_nominee": 21, "/sports/sports_team/sport": 22, "/film/actor/film./film/performance/film": 23, "/people/person/places_lived./people/place_lived/location": 24, "/organization/organization_member/member_of./organization/organization_membership/organization": 25, "/award/award_winning_work/awards_won./award/award_honor/honored_for": 26, "/people/person/gender": 27, "/people/person/languages": 28, "/tv/tv_program/regular_cast./tv/regular_tv_appearance/actor": 29, "/people/deceased_person/place_of_death": 30, "/organization/organization/child./organization/organization_relationship/child": 31, "/film/film/music": 32, "/tv/non_character_role/tv_regular_personal_appearances./tv/tv_regular_personal_appearance/person": 33, "/award/award_winning_work/awards_won./award/award_honor/award": 34, "/location/location/contains": 35, "/film/director/film": 36, "/film/film/other_crew./film/film_crew_gig/crewmember": 37, "/celebrities/celebrity/celebrity_friends./celebrities/friendship/friend": 38, "/film/film/film_festivals": 39, "/education/educational_institution/school_type": 40, "/government/legislative_session/members./government/government_position_held/legislative_sessions": 41, "/film/film/produced_by": 42, "/film/film_distributor/films_distributed./film/film_film_distributor_relationship/film": 43, "/film/film/production_companies": 44, "/food/food/nutrients./food/nutrition_fact/nutrient": 45, "/organization/organization/headquarters./location/mailing_address/citytown": 46, "/award/award_category/winners./award/award_honor/ceremony": 47, "/military/military_combatant/military_conflicts./military/military_combatant_group/combatants": 48, "/base/popstra/celebrity/friendship./base/popstra/friendship/participant": 49, "/organization/endowed_organization/endowment./measurement_unit/dated_money_value/currency": 50, "/olympics/olympic_games/sports": 51, "/organization/organization/headquarters./location/mailing_address/state_province_region": 52, "/education/educational_institution/students_graduates./education/education/major_field_of_study": 53, "/music/performance_role/track_performances./music/track_contribution/role": 54, "/base/popstra/celebrity/dated./base/popstra/dated/participant": 55, "/people/person/spouse_s./people/marriage/spouse": 56, "/education/educational_institution/students_graduates./education/education/student": 57, "/tv/tv_program/genre": 58, "/people/cause_of_death/people": 59, "/people/person/place_of_birth": 60, "/soccer/football_player/current_team./sports/sports_team_roster/team": 61, "/base/popstra/celebrity/canoodled./base/popstra/canoodled/participant": 62, "/award/award_nominated_work/award_nominations./award/award_nomination/nominated_for": 63, "/base/biblioness/bibs_location/state": 64, "/award/award_winning_work/awards_won./award/award_honor/award_winner": 65, "/sports/sports_position/players./sports/sports_team_roster/team": 66, "/organization/role/leaders./organization/leadership/organization": 67, "/sports/sports_team/roster./american_football/football_historical_roster_position/position_s": 68, "/base/schemastaging/organization_extra/phone_number./base/schemastaging/phone_sandbox/contact_category": 69, "/government/legislative_session/members./government/government_position_held/district_represented": 70, "/film/film/country": 71, "/location/statistical_region/religions./location/religion_percentage/religion": 72, "/location/location/time_zones": 73, "/base/popstra/location/vacationers./base/popstra/vacation_choice/vacationer": 74, "/film/film/story_by": 75, "/sports/professional_sports_team/draft_picks./sports/sports_league_draft_pick/school": 76, "/film/film/written_by": 77, "/people/person/religion": 78, "/location/statistical_region/places_exported_to./location/imports_and_exports/exported_to": 79, "/sports/pro_athlete/teams./sports/sports_team_roster/team": 80, "/music/group_member/membership./music/group_membership/group": 81, "/user/ktrueman/default_domain/international_organization/member_states": 82, "/film/film/featured_film_locations": 83, "/music/genre/parent_genre": 84, "/location/us_county/county_seat": 85, "/location/capital_of_administrative_division/capital_of./location/administrative_division_capital_relationship/administrative_division": 86, "/film/film/runtime./film/film_cut/film_release_region": 87, "/sports/sports_team/roster./basketball/basketball_roster_position/position": 88, "/location/hud_county_place/county": 89, "/business/job_title/people_with_this_title./business/employment_tenure/company": 90, "/olympics/olympic_sport/athletes./olympics/olympic_athlete_affiliation/country": 91, "/base/biblioness/bibs_location/country": 92, "/film/film_subject/films": 93, "/education/university/local_tuition./measurement_unit/dated_money_value/currency": 94, "/music/instrument/instrumentalists": 95, "/user/jg/default_domain/olympic_games/sports": 96, "/award/ranked_item/appears_in_ranked_lists./award/ranking/list": 97, "/award/award_ceremony/awards_presented./award/award_honor/honored_for": 98, "/american_football/football_team/current_roster./sports/sports_team_roster/position": 99, "/award/award_category/disciplines_or_subjects": 100, "/medicine/disease/notable_people_with_this_condition": 101, "/people/ethnicity/people": 102, "/tv/tv_network/programs./tv/tv_network_duration/program": 103, "/film/film/cinematography": 104, "/people/person/spouse_s./people/marriage/location_of_ceremony": 105, "/education/educational_degree/people_with_this_degree./education/education/major_field_of_study": 106, "/music/artist/track_contributions./music/track_contribution/role": 107, "/tv/tv_program/program_creator": 108, "/film/film/language": 109, "/music/artist/origin": 110, "/sports/sports_team/colors": 111, "/sports/sports_team/roster./american_football/football_roster_position/position": 112, "/music/performance_role/regular_performances./music/group_membership/group": 113, "/people/person/sibling_s./people/sibling_relationship/sibling": 114, "/tv/tv_personality/tv_regular_appearances./tv/tv_regular_personal_appearance/program": 115, "/film/film_set_designer/film_sets_designed": 116, "/travel/travel_destination/climate./travel/travel_destination_monthly_climate/month": 117, "/tv/tv_producer/programs_produced./tv/tv_producer_term/program": 118, "/sports/sports_league/teams./sports/sports_league_participation/team": 119, "/education/field_of_study/students_majoring./education/education/student": 120, "/film/film/film_art_direction_by": 121, "/base/aareas/schema/administrative_area/administrative_parent": 122, "/dataworld/gardening_hint/split_to": 123, "/tv/tv_writer/tv_programs./tv/tv_program_writer_relationship/tv_program": 124, "/celebrities/celebrity/sexual_relationships./celebrities/romantic_relationship/celebrity": 125, "/film/film/release_date_s./film/film_regional_release_date/film_regional_debut_venue": 126, "/baseball/baseball_team/team_stats./baseball/baseball_team_stats/season": 127, "/education/university/international_tuition./measurement_unit/dated_money_value/currency": 128, "/military/military_conflict/combatants./military/military_combatant_group/combatants": 129, "/music/performance_role/guest_performances./music/recording_contribution/performance_role": 130, "/base/schemastaging/organization_extra/phone_number./base/schemastaging/phone_sandbox/service_language": 131, "/people/person/employment_history./business/employment_tenure/company": 132, "/government/politician/government_positions_held./government/government_position_held/basic_title": 133, "/organization/organization_founder/organizations_founded": 134, "/education/university/domestic_tuition./measurement_unit/dated_money_value/currency": 135, "/film/film/personal_appearances./film/personal_film_appearance/person": 136, "/education/field_of_study/students_majoring./education/education/major_field_of_study": 137, "/user/alexander/philosophy/philosopher/interests": 138, "/language/human_language/countries_spoken_in": 139, "/sports/sports_team_location/teams": 140, "/base/marchmadness/ncaa_basketball_tournament/seeds./base/marchmadness/ncaa_tournament_seed/team": 141, "/film/film/costume_design_by": 142, "/base/popstra/celebrity/breakup./base/popstra/breakup/participant": 143, "/people/person/nationality": 144, "/government/politician/government_positions_held./government/government_position_held/legislative_sessions": 145, "/olympics/olympic_games/participating_countries": 146, "/film/film/dubbing_performances./film/dubbing_performance/actor": 147, "/time/event/locations": 148, "/location/administrative_division/country": 149, "/olympics/olympic_participating_country/medals_won./olympics/olympic_medal_honor/olympics": 150, "/medicine/disease/risk_factors": 151, "/base/x2010fifaworldcupsouthafrica/world_cup_squad/current_world_cup_squad./base/x2010fifaworldcupsouthafrica/current_world_cup_squad/current_club": 152, "/base/schemastaging/organization_extra/phone_number./base/schemastaging/phone_sandbox/service_location": 153, "/government/government_office_category/officeholders./government/government_position_held/jurisdiction_of_office": 154, "/sports/sports_league_draft/picks./sports/sports_league_draft_pick/school": 155, "/location/country/capital": 156, "/people/ethnicity/languages_spoken": 157, "/film/film/edited_by": 158, "/base/culturalevent/event/entity_involved": 159, "/film/film/prequel": 160, "/music/instrument/family": 161, "/education/educational_degree/people_with_this_degree./education/education/student": 162, "/people/profession/specialization_of": 163, "/sports/sports_team/roster./baseball/baseball_roster_position/position": 164, "/film/film/film_production_design_by": 165, "/music/artist/contribution./music/recording_contribution/performance_role": 166, "/base/aareas/schema/administrative_area/capital": 167, "/people/deceased_person/place_of_burial": 168, "/people/ethnicity/geographic_distribution": 169, "/influence/influence_node/peers./influence/peer_relationship/peers": 170, "/location/country/official_language": 171, "/sports/professional_sports_team/draft_picks./sports/sports_league_draft_pick/draft": 172, "/organization/organization/place_founded": 173, "/music/group_member/membership./music/group_membership/role": 174, "/medicine/symptom/symptom_of": 175, "/location/country/form_of_government": 176, "/base/americancomedy/celebrity_impressionist/celebrities_impersonated": 177, "/base/localfood/seasonal_month/produce_available./base/localfood/produce_availability/seasonal_months": 178, "/olympics/olympic_sport/athletes./olympics/olympic_athlete_affiliation/olympics": 179, "/base/saturdaynightlive/snl_cast_member/seasons./base/saturdaynightlive/snl_season_tenure/cast_members": 180, "/government/politician/government_positions_held./government/government_position_held/jurisdiction_of_office": 181, "/government/political_party/politicians_in_this_party./government/political_party_tenure/politician": 182}